Time_s,HR_BPM,SpO2_pct,Sys_mmHg,Dia_mmHg,Temp_C,Resp_per_min,Warning
0,78,97,118,76,36.8,16,0
1,78.9270509831248,97.1039558454089,118.994759548659,76.7460696614946,36.823465169756,16.5130302149885,0
2,79.7633557568774,97.2033683215379,119.927014696407,77.4452610223051,36.8463525491562,16.9641814145298,0
3,80.4270509831248,97.2938926261462,120.738188423715,78.0536413177861,36.8680985749609,17.2990381056767,0
4,80.8531695488855,97.3715724127387,121.377311702008,78.532983776506,36.8881677878439,17.4772116295183,0
5,81,97.4330127018922,121.804226065181,78.8531695488855,36.906066017178,17.4772116295183,0
6,80.8531695488855,97.4755282581476,121.992106913713,78.9940801852848,36.9213525491562,17.2990381056767,0
7,80.4270509831248,97.4972609476841,121.929149002915,78.9468617521861,36.9336509786283,16.9641814145298,0
8,79.7633557568774,97.4972609476841,121.619308209864,78.7144811573981,36.9426584774443,16.5130302149885,0
9,78.9270509831248,97.4755282581476,121.082052971103,78.3115397283274,36.9481532510893,16,0
10,78,97.4330127018922,120.35114100917,77.7633557568774,36.95,15.4869697850115,0
11,77.0729490168752,97.3715724127387,119.472498210739,77.104373658054,36.9481532510893,15.0358185854702,0
12,76.2366442431226,97.2938926261462,118.501332934257,76.3759997006929,36.9426584774443,14.7009618943233,0
13,75.5729490168752,97.2033683215379,117.498667065743,75.6240002993071,36.9336509786283,14.5227883704817,0
14,75.1468304511145,97.1039558454089,116.527501789261,74.895626341946,36.9213525491562,14.5227883704817,0
15,75,97,115.64885899083,74.2366442431226,36.906066017178,14.7009618943233,0
16,75.1468304511145,96.8960441545911,114.917947028897,73.6884602716726,36.8881677878439,15.0358185854702,0
17,75.5729490168752,96.7966316784621,114.380691790136,73.2855188426019,36.8680985749609,15.4869697850115,0
18,76.2366442431226,96.7061073738538,114.070850997085,73.0531382478139,36.8463525491562,16,0
19,77.0729490168752,96.6284275872613,114.007893086287,73.0059198147152,36.823465169756,16.5130302149885,0
20,78,96.5669872981078,114.195773934819,73.1468304511145,36.8,16.9641814145298,0
21,78.9270509831248,96.5244717418524,114.622688297992,73.467016223494,36.776534830244,17.2990381056767,0
22,79.7633557568774,96.5027390523159,115.261811576285,73.9463586822139,36.7536474508438,17.4772116295183,0
23,80.4270509831248,96.5027390523159,116.072985303593,74.5547389776949,36.7319014250391,17.4772116295183,0
24,80.8531695488855,96.5244717418524,117.005240451341,75.2539303385054,36.7118322121561,17.2990381056767,0
25,81,96.5669872981078,118,76,36.693933982822,16.9641814145298,0
26,80.8531695488855,96.6284275872613,118.994759548659,76.7460696614946,36.6786474508438,16.5130302149885,0
27,80.4270509831248,96.7061073738538,119.927014696407,77.4452610223051,36.6663490213717,16,0
28,79.7633557568774,96.7966316784621,120.738188423715,78.0536413177861,36.6573415225557,15.4869697850115,0
29,78.9270509831248,96.8960441545911,121.377311702008,78.532983776506,36.6518467489107,15.0358185854702,0
30,78,97,121.804226065181,78.8531695488855,36.65,14.7009618943233,0
31,77.0729490168752,97.1039558454089,121.992106913713,78.9940801852848,36.6518467489107,14.5227883704817,0
32,76.2366442431226,97.2033683215379,121.929149002915,78.9468617521861,36.6573415225557,14.5227883704817,0
33,75.5729490168752,97.2938926261462,121.619308209864,78.7144811573981,36.6663490213717,14.7009618943233,0
34,130.146830451115,97.3715724127387,121.082052971103,78.3115397283274,36.6786474508438,15.0358185854702,1
35,130,97.4330127018922,120.35114100917,77.7633557568774,36.693933982822,15.4869697850115,1
36,130.146830451115,97.4755282581476,119.472498210739,77.104373658054,36.7118322121561,16,1
37,130.572949016875,97.4972609476841,118.501332934257,76.3759997006929,36.7319014250391,16.5130302149885,1
38,131.236644243123,97.4972609476841,117.498667065743,75.6240002993071,36.7536474508438,16.9641814145298,1
39,132.072949016875,97.4755282581476,116.527501789261,74.895626341946,36.776534830244,17.2990381056767,1
40,133,97.4330127018922,115.64885899083,74.2366442431226,36.8,17.4772116295183,1
41,133.927050983125,97.3715724127387,114.917947028897,73.6884602716726,36.823465169756,17.4772116295183,1
42,79.7633557568774,97.2938926261462,114.380691790136,73.2855188426019,36.8463525491562,17.2990381056767,0
43,80.4270509831248,97.2033683215379,114.070850997085,73.0531382478139,36.8680985749609,16.9641814145298,0
44,80.8531695488855,89.1039558454089,114.007893086287,73.0059198147152,36.8881677878439,16.5130302149885,1
45,81,89,114.195773934819,73.1468304511145,36.906066017178,16,1
46,80.8531695488855,88.8960441545911,114.622688297992,73.467016223494,36.9213525491562,15.4869697850115,1
47,80.4270509831248,88.7966316784621,115.261811576285,73.9463586822139,36.9336509786283,15.0358185854702,1
48,79.7633557568774,88.7061073738538,116.072985303593,74.5547389776949,36.9426584774443,14.7009618943233,1
49,78.9270509831248,88.6284275872613,117.005240451341,75.2539303385054,36.9481532510893,14.5227883704817,1
50,78,96.5669872981078,118,76,36.95,14.5227883704817,0
51,77.0729490168752,96.5244717418524,118.994759548659,76.7460696614946,38.7481532510893,14.7009618943233,1
52,76.2366442431226,96.5027390523159,119.927014696407,77.4452610223051,38.7426584774443,15.0358185854702,1
53,75.5729490168752,96.5027390523159,120.738188423715,78.0536413177861,38.7336509786282,15.4869697850115,1
54,75.1468304511145,96.5244717418524,121.377311702008,78.532983776506,38.7213525491562,16,1
55,75,96.5669872981078,121.804226065181,78.8531695488855,38.706066017178,16.5130302149885,1
56,75.1468304511145,96.6284275872613,121.992106913713,78.9940801852848,36.8881677878439,16.9641814145298,0
57,75.5729490168752,96.7061073738538,121.929149002915,78.9468617521861,36.8680985749609,17.2990381056767,0
58,76.2366442431226,96.7966316784621,121.619308209864,78.7144811573981,36.8463525491562,17.4772116295183,0
59,77.0729490168752,96.8960441545911,121.082052971103,78.3115397283274,36.823465169756,17.4772116295183,0
60,78,97,120.35114100917,77.7633557568774,36.8,17.2990381056767,0
